queue_type,threads,batch_enque,batch_deque,strategy,time,timeout,total_ops,succ_enq,succ_deq,total_enq,total_deq
sequential,1,1,1,seq_run,0.10000000380096026,0.0,8840638,4420319,4420319,4420319,4420319
sequential,1,1000,1000,seq_run,0.10004369590023998,0.0,350600,175300,175300,175300,175300
sequential,1,1,1,seq_run,0.5000000060012099,0.0,40877970,20438985,20438985,20438985,20438985
sequential,1,1000,1000,seq_run,0.5000080120982602,0.0,1776600,888300,888300,888300,888300
global_lock,1,[1],[1],balanced,0.10000000550062396,0.0,4478947,2239473,2239473,2239473,2239473
global_lock,1,[1],[1],one_enqueuer,0.1000000069005182,0.0,4554167,2277083,2277083,2277083,2277083
global_lock,1,[1],[1],half_enqueuer,0.10000000760192052,0.0,4548832,2274416,2274416,2274416,2274416
global_lock,1,[0],[0],even_odd,0.10000000419968273,0.0,0,0,0,0,0
global_lock,1,[1000],[1000],balanced,0.10002332789881621,0.0,337600,168800,168800,168800,168800
global_lock,1,[1000],[1000],one_enqueuer,0.10000317500089295,0.0,347000,173500,173500,173500,173500
global_lock,1,[1000],[1000],half_enqueuer,0.10003176769823767,0.0,344800,172400,172400,172400,172400
global_lock,1,[0],[0],even_odd,0.10000000779982657,0.0,0,0,0,0,0
global_lock,2,"[1, 1]","[1, 1]",balanced,0.10000005369947758,0.0,921612,460806,460806,460806,460806
global_lock,2,"[2, 0]","[1, 1]",one_enqueuer,0.10000000864965841,0.0,2558280,104276,104276,104276,2454003
global_lock,2,"[1, 0]","[0, 1]",half_enqueuer,0.10000001449952833,0.0,2758894,1323834,1435059,1323834,1435059
global_lock,2,"[1, 0]","[0, 1]",even_odd,0.10000001479929779,0.0,806503,414797,391706,414797,391706
global_lock,2,"[1000, 1000]","[1000, 1000]",balanced,0.10005054759967606,0.0,294400,147200,147200,147200,147200
global_lock,2,"[2000, 0]","[1000, 1000]",one_enqueuer,0.10024002989957807,0.0,171600,48600,48605,48600,123000
global_lock,2,"[1000, 0]","[0, 1000]",half_enqueuer,0.10000616244942648,0.0,925600,775900,149700,775900,149700
global_lock,2,"[1000, 0]","[0, 1000]",even_odd,0.1000107482992462,0.0,839600,738000,101600,738000,101600
global_lock,8,"[1, 1, 1, 1, 1, 1, 1, 1]","[1, 1, 1, 1, 1, 1, 1, 1]",balanced,0.10000013822500478,0.0,358435,179217,179217,179217,179217
global_lock,8,"[8, 0, 0, 0, 0, 0, 0, 0]","[1, 1, 1, 1, 1, 1, 1, 1]",one_enqueuer,0.10000020287516236,0.0,510185,95220,95207,95220,414965
global_lock,8,"[1, 1, 1, 1, 0, 0, 0, 0]","[0, 0, 0, 0, 1, 1, 1, 1]",half_enqueuer,0.10000013597491489,0.0,329695,168102,161592,168102,161592
global_lock,8,"[1, 0, 1, 0, 1, 0, 1, 0]","[0, 1, 0, 1, 0, 1, 0, 1]",even_odd,0.10000013802600734,0.0,303516,143367,160148,143367,160148
global_lock,8,"[1000, 1000, 1000, 1000, 1000, 1000, 1000, 1000]","[1000, 1000, 1000, 1000, 1000, 1000, 1000, 1000]",balanced,0.10068818568652205,0.0,60400,30200,30200,30200,30200
global_lock,8,"[8000, 0, 0, 0, 0, 0, 0, 0]","[1000, 1000, 1000, 1000, 1000, 1000, 1000, 1000]",one_enqueuer,0.10279294403735548,0.0,46500,8800,8800,8800,37700
global_lock,8,"[1000, 1000, 1000, 1000, 0, 0, 0, 0]","[0, 0, 0, 0, 1000, 1000, 1000, 1000]",half_enqueuer,0.10051239003769297,0.0,124500,59300,65200,59300,65200
global_lock,8,"[1000, 0, 1000, 0, 1000, 0, 1000, 0]","[0, 1000, 0, 1000, 0, 1000, 0, 1000]",even_odd,0.10077843309991294,0.0,38300,21900,16400,21900,16400
global_lock,10,"[1, 1, 1, 1, 1, 1, 1, 1, 1, 1]","[1, 1, 1, 1, 1, 1, 1, 1, 1, 1]",balanced,0.10000025449990062,0.0,317871,158935,158935,158935,158935
global_lock,10,"[10, 0, 0, 0, 0, 0, 0, 0, 0, 0]","[1, 1, 1, 1, 1, 1, 1, 1, 1, 1]",one_enqueuer,0.10000029681017622,0.0,424321,120313,120312,120313,304008
global_lock,10,"[1, 1, 1, 1, 1, 0, 0, 0, 0, 0]","[0, 0, 0, 0, 0, 1, 1, 1, 1, 1]",half_enqueuer,0.1000001776299905,0.0,279739,138649,132537,138649,141089
global_lock,10,"[1, 0, 1, 0, 1, 0, 1, 0, 1, 0]","[0, 1, 0, 1, 0, 1, 0, 1, 0, 1]",even_odd,0.10000016023986973,0.0,262411,130021,132389,130021,132389
global_lock,10,"[1000, 1000, 1000, 1000, 1000, 1000, 1000, 1000, 1000, 1000]","[1000, 1000, 1000, 1000, 1000, 1000, 1000, 1000, 1000, 1000]",balanced,0.10063535646040692,0.0,49400,24700,24700,24700,24700
global_lock,10,"[10000, 0, 0, 0, 0, 0, 0, 0, 0, 0]","[1000, 1000, 1000, 1000, 1000, 1000, 1000, 1000, 1000, 1000]",one_enqueuer,0.10240218431979883,0.0,34600,7000,7309,7000,27600
global_lock,10,"[1000, 1000, 1000, 1000, 1000, 0, 0, 0, 0, 0]","[0, 0, 0, 0, 0, 1000, 1000, 1000, 1000, 1000]",half_enqueuer,0.10040092278970406,0.0,54900,24000,23937,24000,30900
global_lock,10,"[1000, 0, 1000, 0, 1000, 0, 1000, 0, 1000, 0]","[0, 1000, 0, 1000, 0, 1000, 0, 1000, 0, 1000]",even_odd,0.10093544915987877,0.0,45600,20800,24800,20800,24800
global_lock,20,"[1, 1, 1, 1, 1, 1, 1, 1, 1, 1, 1, 1, 1, 1, 1, 1, 1, 1, 1, 1]","[1, 1, 1, 1, 1, 1, 1, 1, 1, 1, 1, 1, 1, 1, 1, 1, 1, 1, 1, 1]",balanced,0.10000155927496963,0.0,197369,98684,98684,98684,98684
global_lock,20,"[20, 0, 0, 0, 0, 0, 0, 0, 0, 0, 0, 0, 0, 0, 0, 0, 0, 0, 0, 0]","[1, 1, 1, 1, 1, 1, 1, 1, 1, 1, 1, 1, 1, 1, 1, 1, 1, 1, 1, 1]",one_enqueuer,0.10000114299968117,0.0,292461,15620,15620,15620,276841
global_lock,20,"[1, 1, 1, 1, 1, 1, 1, 1, 1, 1, 0, 0, 0, 0, 0, 0, 0, 0, 0, 0]","[0, 0, 0, 0, 0, 0, 0, 0, 0, 0, 1, 1, 1, 1, 1, 1, 1, 1, 1, 1]",half_enqueuer,0.10000171167499503,0.0,193379,96995,96384,96995,96384
global_lock,20,"[1, 0, 1, 0, 1, 0, 1, 0, 1, 0, 1, 0, 1, 0, 1, 0, 1, 0, 1, 0]","[0, 1, 0, 1, 0, 1, 0, 1, 0, 1, 0, 1, 0, 1, 0, 1, 0, 1, 0, 1]",even_odd,0.10000187675497726,0.0,191230,92656,98573,92656,98573
global_lock,20,"[1000, 1000, 1000, 1000, 1000, 1000, 1000, 1000, 1000, 1000, 1000, 1000, 1000, 1000, 1000, 1000, 1000, 1000, 1000, 1000]","[1000, 1000, 1000, 1000, 1000, 1000, 1000, 1000, 1000, 1000, 1000, 1000, 1000, 1000, 1000, 1000, 1000, 1000, 1000, 1000]",balanced,0.12435152810052386,0.0,11200,5600,5600,5600,5600
global_lock,20,"[20000, 0, 0, 0, 0, 0, 0, 0, 0, 0, 0, 0, 0, 0, 0, 0, 0, 0, 0, 0]","[1000, 1000, 1000, 1000, 1000, 1000, 1000, 1000, 1000, 1000, 1000, 1000, 1000, 1000, 1000, 1000, 1000, 1000, 1000, 1000]",one_enqueuer,0.1049074029395706,0.0,36900,2000,2915,2000,34900
global_lock,20,"[1000, 1000, 1000, 1000, 1000, 1000, 1000, 1000, 1000, 1000, 0, 0, 0, 0, 0, 0, 0, 0, 0, 0]","[0, 0, 0, 0, 0, 0, 0, 0, 0, 0, 1000, 1000, 1000, 1000, 1000, 1000, 1000, 1000, 1000, 1000]",half_enqueuer,0.1016956802699133,0.0,69700,13100,13244,13100,56600
global_lock,20,"[1000, 0, 1000, 0, 1000, 0, 1000, 0, 1000, 0, 1000, 0, 1000, 0, 1000, 0, 1000, 0, 1000, 0]","[0, 1000, 0, 1000, 0, 1000, 0, 1000, 0, 1000, 0, 1000, 0, 1000, 0, 1000, 0, 1000, 0, 1000]",even_odd,0.10231416798444115,0.0,68700,12700,12309,12700,56000
global_lock,32,"[1, 1, 1, 1, 1, 1, 1, 1, 1, 1, 1, 1, 1, 1, 1, 1, 1, 1, 1, 1, 1, 1, 1, 1, 1, 1, 1, 1, 1, 1, 1, 1]","[1, 1, 1, 1, 1, 1, 1, 1, 1, 1, 1, 1, 1, 1, 1, 1, 1, 1, 1, 1, 1, 1, 1, 1, 1, 1, 1, 1, 1, 1, 1, 1]",balanced,0.10001606150935913,0.0,188961,94480,94480,94480,94480
global_lock,32,"[32, 0, 0, 0, 0, 0, 0, 0, 0, 0, 0, 0, 0, 0, 0, 0, 0, 0, 0, 0, 0, 0, 0, 0, 0, 0, 0, 0, 0, 0, 0, 0]","[1, 1, 1, 1, 1, 1, 1, 1, 1, 1, 1, 1, 1, 1, 1, 1, 1, 1, 1, 1, 1, 1, 1, 1, 1, 1, 1, 1, 1, 1, 1, 1]",one_enqueuer,0.10001902275616885,0.0,311505,10003,10003,10003,301502
global_lock,32,"[1, 1, 1, 1, 1, 1, 1, 1, 1, 1, 1, 1, 1, 1, 1, 1, 0, 0, 0, 0, 0, 0, 0, 0, 0, 0, 0, 0, 0, 0, 0, 0]","[0, 0, 0, 0, 0, 0, 0, 0, 0, 0, 0, 0, 0, 0, 0, 0, 1, 1, 1, 1, 1, 1, 1, 1, 1, 1, 1, 1, 1, 1, 1, 1]",half_enqueuer,0.10002314898429177,0.0,186323,93937,92386,93937,92386
global_lock,32,"[1, 0, 1, 0, 1, 0, 1, 0, 1, 0, 1, 0, 1, 0, 1, 0, 1, 0, 1, 0, 1, 0, 1, 0, 1, 0, 1, 0, 1, 0, 1, 0]","[0, 1, 0, 1, 0, 1, 0, 1, 0, 1, 0, 1, 0, 1, 0, 1, 0, 1, 0, 1, 0, 1, 0, 1, 0, 1, 0, 1, 0, 1, 0, 1]",even_odd,0.10004130288134547,0.0,190967,95781,95186,95781,95186
global_lock,32,"[1000, 1000, 1000, 1000, 1000, 1000, 1000, 1000, 1000, 1000, 1000, 1000, 1000, 1000, 1000, 1000, 1000, 1000, 1000, 1000, 1000, 1000, 1000, 1000, 1000, 1000, 1000, 1000, 1000, 1000, 1000, 1000]","[1000, 1000, 1000, 1000, 1000, 1000, 1000, 1000, 1000, 1000, 1000, 1000, 1000, 1000, 1000, 1000, 1000, 1000, 1000, 1000, 1000, 1000, 1000, 1000, 1000, 1000, 1000, 1000, 1000, 1000, 1000, 1000]",balanced,0.1391035403062233,0.0,6400,3200,3200,3200,3200
global_lock,32,"[32000, 0, 0, 0, 0, 0, 0, 0, 0, 0, 0, 0, 0, 0, 0, 0, 0, 0, 0, 0, 0, 0, 0, 0, 0, 0, 0, 0, 0, 0, 0, 0]","[1000, 1000, 1000, 1000, 1000, 1000, 1000, 1000, 1000, 1000, 1000, 1000, 1000, 1000, 1000, 1000, 1000, 1000, 1000, 1000, 1000, 1000, 1000, 1000, 1000, 1000, 1000, 1000, 1000, 1000, 1000, 1000]",one_enqueuer,0.11440765773741077,0.0,45900,3200,3171,3200,42700
global_lock,32,"[1000, 1000, 1000, 1000, 1000, 1000, 1000, 1000, 1000, 1000, 1000, 1000, 1000, 1000, 1000, 1000, 0, 0, 0, 0, 0, 0, 0, 0, 0, 0, 0, 0, 0, 0, 0, 0]","[0, 0, 0, 0, 0, 0, 0, 0, 0, 0, 0, 0, 0, 0, 0, 0, 1000, 1000, 1000, 1000, 1000, 1000, 1000, 1000, 1000, 1000, 1000, 1000, 1000, 1000, 1000, 1000]",half_enqueuer,0.10302238980921175,0.0,65800,11300,11957,11300,54500
global_lock,32,"[1000, 0, 1000, 0, 1000, 0, 1000, 0, 1000, 0, 1000, 0, 1000, 0, 1000, 0, 1000, 0, 1000, 0, 1000, 0, 1000, 0, 1000, 0, 1000, 0, 1000, 0, 1000, 0]","[0, 1000, 0, 1000, 0, 1000, 0, 1000, 0, 1000, 0, 1000, 0, 1000, 0, 1000, 0, 1000, 0, 1000, 0, 1000, 0, 1000, 0, 1000, 0, 1000, 0, 1000, 0, 1000]",even_odd,0.10584406846228375,0.0,70400,12400,12494,12400,58000
global_lock,45,"[1, 1, 1, 1, 1, 1, 1, 1, 1, 1, 1, 1, 1, 1, 1, 1, 1, 1, 1, 1, 1, 1, 1, 1, 1, 1, 1, 1, 1, 1, 1, 1, 1, 1, 1, 1, 1, 1, 1, 1, 1, 1, 1, 1, 1]","[1, 1, 1, 1, 1, 1, 1, 1, 1, 1, 1, 1, 1, 1, 1, 1, 1, 1, 1, 1, 1, 1, 1, 1, 1, 1, 1, 1, 1, 1, 1, 1, 1, 1, 1, 1, 1, 1, 1, 1, 1, 1, 1, 1, 1]",balanced,0.10000767734432077,0.0,189113,94556,94556,94556,94556
global_lock,45,"[45, 0, 0, 0, 0, 0, 0, 0, 0, 0, 0, 0, 0, 0, 0, 0, 0, 0, 0, 0, 0, 0, 0, 0, 0, 0, 0, 0, 0, 0, 0, 0, 0, 0, 0, 0, 0, 0, 0, 0, 0, 0, 0, 0, 0]","[1, 1, 1, 1, 1, 1, 1, 1, 1, 1, 1, 1, 1, 1, 1, 1, 1, 1, 1, 1, 1, 1, 1, 1, 1, 1, 1, 1, 1, 1, 1, 1, 1, 1, 1, 1, 1, 1, 1, 1, 1, 1, 1, 1, 1]",one_enqueuer,0.10001749755795268,0.0,313257,7276,7276,7276,305981
global_lock,45,"[1, 1, 1, 1, 1, 1, 1, 1, 1, 1, 1, 1, 1, 1, 1, 1, 1, 1, 1, 1, 1, 2, 0, 0, 0, 0, 0, 0, 0, 0, 0, 0, 0, 0, 0, 0, 0, 0, 0, 0, 0, 0, 0, 0, 0]","[0, 0, 0, 0, 0, 0, 0, 0, 0, 0, 0, 0, 0, 0, 0, 0, 0, 0, 0, 0, 0, 0, 1, 1, 1, 1, 1, 1, 1, 1, 1, 1, 1, 1, 1, 1, 1, 1, 1, 1, 1, 1, 1, 1, 1]",half_enqueuer,0.10000504251782938,0.0,172456,82826,82646,82826,89629
global_lock,45,"[0, 0, 1, 0, 1, 0, 1, 0, 1, 0, 1, 0, 1, 0, 1, 0, 1, 0, 1, 0, 1, 0, 1, 0, 1, 0, 1, 0, 1, 0, 1, 0, 1, 0, 1, 0, 1, 0, 1, 0, 1, 0, 1, 0, 1]","[0, 1, 0, 1, 0, 1, 0, 1, 0, 1, 0, 1, 0, 1, 0, 1, 0, 1, 0, 1, 0, 1, 0, 1, 0, 1, 0, 1, 0, 1, 0, 1, 0, 1, 0, 1, 0, 1, 0, 1, 0, 1, 0, 1, 0]",even_odd,0.10002104825094446,0.0,168607,85621,82985,85621,82985
global_lock,45,"[1000, 1000, 1000, 1000, 1000, 1000, 1000, 1000, 1000, 1000, 1000, 1000, 1000, 1000, 1000, 1000, 1000, 1000, 1000, 1000, 1000, 1000, 1000, 1000, 1000, 1000, 1000, 1000, 1000, 1000, 1000, 1000, 1000, 1000, 1000, 1000, 1000, 1000, 1000, 1000, 1000, 1000, 1000, 1000, 1000]","[1000, 1000, 1000, 1000, 1000, 1000, 1000, 1000, 1000, 1000, 1000, 1000, 1000, 1000, 1000, 1000, 1000, 1000, 1000, 1000, 1000, 1000, 1000, 1000, 1000, 1000, 1000, 1000, 1000, 1000, 1000, 1000, 1000, 1000, 1000, 1000, 1000, 1000, 1000, 1000, 1000, 1000, 1000, 1000, 1000]",balanced,0.2822867533688744,0.0,9000,4500,4500,4500,4500
global_lock,45,"[45000, 0, 0, 0, 0, 0, 0, 0, 0, 0, 0, 0, 0, 0, 0, 0, 0, 0, 0, 0, 0, 0, 0, 0, 0, 0, 0, 0, 0, 0, 0, 0, 0, 0, 0, 0, 0, 0, 0, 0, 0, 0, 0, 0, 0]","[1000, 1000, 1000, 1000, 1000, 1000, 1000, 1000, 1000, 1000, 1000, 1000, 1000, 1000, 1000, 1000, 1000, 1000, 1000, 1000, 1000, 1000, 1000, 1000, 1000, 1000, 1000, 1000, 1000, 1000, 1000, 1000, 1000, 1000, 1000, 1000, 1000, 1000, 1000, 1000, 1000, 1000, 1000, 1000, 1000]",one_enqueuer,0.16037021105559285,0.0,61700,4500,4889,4500,57200
global_lock,45,"[1000, 1000, 1000, 1000, 1000, 1000, 1000, 1000, 1000, 1000, 1000, 1000, 1000, 1000, 1000, 1000, 1000, 1000, 1000, 1000, 1000, 2000, 0, 0, 0, 0, 0, 0, 0, 0, 0, 0, 0, 0, 0, 0, 0, 0, 0, 0, 0, 0, 0, 0, 0]","[0, 0, 0, 0, 0, 0, 0, 0, 0, 0, 0, 0, 0, 0, 0, 0, 0, 0, 0, 0, 0, 0, 1000, 1000, 1000, 1000, 1000, 1000, 1000, 1000, 1000, 1000, 1000, 1000, 1000, 1000, 1000, 1000, 1000, 1000, 1000, 1000, 1000, 1000, 1000]",half_enqueuer,0.10348449712670926,0.0,49700,7400,7931,7400,42300
global_lock,45,"[0, 0, 1000, 0, 1000, 0, 1000, 0, 1000, 0, 1000, 0, 1000, 0, 1000, 0, 1000, 0, 1000, 0, 1000, 0, 1000, 0, 1000, 0, 1000, 0, 1000, 0, 1000, 0, 1000, 0, 1000, 0, 1000, 0, 1000, 0, 1000, 0, 1000, 0, 1000]","[0, 1000, 0, 1000, 0, 1000, 0, 1000, 0, 1000, 0, 1000, 0, 1000, 0, 1000, 0, 1000, 0, 1000, 0, 1000, 0, 1000, 0, 1000, 0, 1000, 0, 1000, 0, 1000, 0, 1000, 0, 1000, 0, 1000, 0, 1000, 0, 1000, 0, 1000, 0]",even_odd,0.11056508620909881,0.0,88700,10400,10186,10400,78300
global_lock,64,"[1, 1, 1, 1, 1, 1, 1, 1, 1, 1, 1, 1, 1, 1, 1, 1, 1, 1, 1, 1, 1, 1, 1, 1, 1, 1, 1, 1, 1, 1, 1, 1, 1, 1, 1, 1, 1, 1, 1, 1, 1, 1, 1, 1, 1, 1, 1, 1, 1, 1, 1, 1, 1, 1, 1, 1, 1, 1, 1, 1, 1, 1, 1, 1]","[1, 1, 1, 1, 1, 1, 1, 1, 1, 1, 1, 1, 1, 1, 1, 1, 1, 1, 1, 1, 1, 1, 1, 1, 1, 1, 1, 1, 1, 1, 1, 1, 1, 1, 1, 1, 1, 1, 1, 1, 1, 1, 1, 1, 1, 1, 1, 1, 1, 1, 1, 1, 1, 1, 1, 1, 1, 1, 1, 1, 1, 1, 1, 1]",balanced,0.1000259723173258,0.0,198911,99455,99455,99455,99455
global_lock,64,"[64, 0, 0, 0, 0, 0, 0, 0, 0, 0, 0, 0, 0, 0, 0, 0, 0, 0, 0, 0, 0, 0, 0, 0, 0, 0, 0, 0, 0, 0, 0, 0, 0, 0, 0, 0, 0, 0, 0, 0, 0, 0, 0, 0, 0, 0, 0, 0, 0, 0, 0, 0, 0, 0, 0, 0, 0, 0, 0, 0, 0, 0, 0, 0]","[1, 1, 1, 1, 1, 1, 1, 1, 1, 1, 1, 1, 1, 1, 1, 1, 1, 1, 1, 1, 1, 1, 1, 1, 1, 1, 1, 1, 1, 1, 1, 1, 1, 1, 1, 1, 1, 1, 1, 1, 1, 1, 1, 1, 1, 1, 1, 1, 1, 1, 1, 1, 1, 1, 1, 1, 1, 1, 1, 1, 1, 1, 1, 1]",one_enqueuer,0.10007626275464646,0.0,325556,5478,5478,5478,320077
global_lock,64,"[1, 1, 1, 1, 1, 1, 1, 1, 1, 1, 1, 1, 1, 1, 1, 1, 1, 1, 1, 1, 1, 1, 1, 1, 1, 1, 1, 1, 1, 1, 1, 1, 0, 0, 0, 0, 0, 0, 0, 0, 0, 0, 0, 0, 0, 0, 0, 0, 0, 0, 0, 0, 0, 0, 0, 0, 0, 0, 0, 0, 0, 0, 0, 0]","[0, 0, 0, 0, 0, 0, 0, 0, 0, 0, 0, 0, 0, 0, 0, 0, 0, 0, 0, 0, 0, 0, 0, 0, 0, 0, 0, 0, 0, 0, 0, 0, 1, 1, 1, 1, 1, 1, 1, 1, 1, 1, 1, 1, 1, 1, 1, 1, 1, 1, 1, 1, 1, 1, 1, 1, 1, 1, 1, 1, 1, 1, 1, 1]",half_enqueuer,0.10004465347974474,0.0,194330,97443,96887,97443,96887
global_lock,64,"[1, 0, 1, 0, 1, 0, 1, 0, 1, 0, 1, 0, 1, 0, 1, 0, 1, 0, 1, 0, 1, 0, 1, 0, 1, 0, 1, 0, 1, 0, 1, 0, 1, 0, 1, 0, 1, 0, 1, 0, 1, 0, 1, 0, 1, 0, 1, 0, 1, 0, 1, 0, 1, 0, 1, 0, 1, 0, 1, 0, 1, 0, 1, 0]","[0, 1, 0, 1, 0, 1, 0, 1, 0, 1, 0, 1, 0, 1, 0, 1, 0, 1, 0, 1, 0, 1, 0, 1, 0, 1, 0, 1, 0, 1, 0, 1, 0, 1, 0, 1, 0, 1, 0, 1, 0, 1, 0, 1, 0, 1, 0, 1, 0, 1, 0, 1, 0, 1, 0, 1, 0, 1, 0, 1, 0, 1, 0, 1]",even_odd,0.10001430162669749,0.0,193236,94344,98892,94344,98892
global_lock,64,"[1000, 1000, 1000, 1000, 1000, 1000, 1000, 1000, 1000, 1000, 1000, 1000, 1000, 1000, 1000, 1000, 1000, 1000, 1000, 1000, 1000, 1000, 1000, 1000, 1000, 1000, 1000, 1000, 1000, 1000, 1000, 1000, 1000, 1000, 1000, 1000, 1000, 1000, 1000, 1000, 1000, 1000, 1000, 1000, 1000, 1000, 1000, 1000, 1000, 1000, 1000, 1000, 1000, 1000, 1000, 1000, 1000, 1000, 1000, 1000, 1000, 1000, 1000, 1000]","[1000, 1000, 1000, 1000, 1000, 1000, 1000, 1000, 1000, 1000, 1000, 1000, 1000, 1000, 1000, 1000, 1000, 1000, 1000, 1000, 1000, 1000, 1000, 1000, 1000, 1000, 1000, 1000, 1000, 1000, 1000, 1000, 1000, 1000, 1000, 1000, 1000, 1000, 1000, 1000, 1000, 1000, 1000, 1000, 1000, 1000, 1000, 1000, 1000, 1000, 1000, 1000, 1000, 1000, 1000, 1000, 1000, 1000, 1000, 1000, 1000, 1000, 1000, 1000]",balanced,0.36397724854518854,0.0,12800,6400,6400,6400,6400
global_lock,64,"[64000, 0, 0, 0, 0, 0, 0, 0, 0, 0, 0, 0, 0, 0, 0, 0, 0, 0, 0, 0, 0, 0, 0, 0, 0, 0, 0, 0, 0, 0, 0, 0, 0, 0, 0, 0, 0, 0, 0, 0, 0, 0, 0, 0, 0, 0, 0, 0, 0, 0, 0, 0, 0, 0, 0, 0, 0, 0, 0, 0, 0, 0, 0, 0]","[1000, 1000, 1000, 1000, 1000, 1000, 1000, 1000, 1000, 1000, 1000, 1000, 1000, 1000, 1000, 1000, 1000, 1000, 1000, 1000, 1000, 1000, 1000, 1000, 1000, 1000, 1000, 1000, 1000, 1000, 1000, 1000, 1000, 1000, 1000, 1000, 1000, 1000, 1000, 1000, 1000, 1000, 1000, 1000, 1000, 1000, 1000, 1000, 1000, 1000, 1000, 1000, 1000, 1000, 1000, 1000, 1000, 1000, 1000, 1000, 1000, 1000, 1000, 1000]",one_enqueuer,0.40186516419703366,0.0,13000,6400,6600,6400,6600
global_lock,64,"[1000, 1000, 1000, 1000, 1000, 1000, 1000, 1000, 1000, 1000, 1000, 1000, 1000, 1000, 1000, 1000, 1000, 1000, 1000, 1000, 1000, 1000, 1000, 1000, 1000, 1000, 1000, 1000, 1000, 1000, 1000, 1000, 0, 0, 0, 0, 0, 0, 0, 0, 0, 0, 0, 0, 0, 0, 0, 0, 0, 0, 0, 0, 0, 0, 0, 0, 0, 0, 0, 0, 0, 0, 0, 0]","[0, 0, 0, 0, 0, 0, 0, 0, 0, 0, 0, 0, 0, 0, 0, 0, 0, 0, 0, 0, 0, 0, 0, 0, 0, 0, 0, 0, 0, 0, 0, 0, 1000, 1000, 1000, 1000, 1000, 1000, 1000, 1000, 1000, 1000, 1000, 1000, 1000, 1000, 1000, 1000, 1000, 1000, 1000, 1000, 1000, 1000, 1000, 1000, 1000, 1000, 1000, 1000, 1000, 1000, 1000, 1000]",half_enqueuer,0.11741950120931506,0.0,12900,6500,6400,6500,6400
global_lock,64,"[1000, 0, 1000, 0, 1000, 0, 1000, 0, 1000, 0, 1000, 0, 1000, 0, 1000, 0, 1000, 0, 1000, 0, 1000, 0, 1000, 0, 1000, 0, 1000, 0, 1000, 0, 1000, 0, 1000, 0, 1000, 0, 1000, 0, 1000, 0, 1000, 0, 1000, 0, 1000, 0, 1000, 0, 1000, 0, 1000, 0, 1000, 0, 1000, 0, 1000, 0, 1000, 0, 1000, 0, 1000, 0]","[0, 1000, 0, 1000, 0, 1000, 0, 1000, 0, 1000, 0, 1000, 0, 1000, 0, 1000, 0, 1000, 0, 1000, 0, 1000, 0, 1000, 0, 1000, 0, 1000, 0, 1000, 0, 1000, 0, 1000, 0, 1000, 0, 1000, 0, 1000, 0, 1000, 0, 1000, 0, 1000, 0, 1000, 0, 1000, 0, 1000, 0, 1000, 0, 1000, 0, 1000, 0, 1000, 0, 1000, 0, 1000]",even_odd,0.12934695528115298,0.0,7700,3800,3900,3800,3900
fine_lock,1,[1],[1],balanced,0.10000000760192052,0.0,2424524,1212262,1212262,1212262,1212262
fine_lock,1,[1],[1],one_enqueuer,0.10000020499865059,0.0,2223801,1111900,1111900,1111900,1111900
fine_lock,1,[1],[1],half_enqueuer,0.10000001650187187,0.0,2101988,1050994,1050994,1050994,1050994
fine_lock,1,[0],[0],even_odd,0.10000001789885574,0.0,0,0,0,0,0
fine_lock,1,[1000],[1000],balanced,0.10002356120094191,0.0,215400,107700,107700,107700,107700
fine_lock,1,[1000],[1000],one_enqueuer,0.1000762167997891,0.0,224800,112400,112400,112400,112400
fine_lock,1,[1000],[1000],half_enqueuer,0.10001004170044325,0.0,240000,120000,120000,120000,120000
fine_lock,1,[0],[0],even_odd,0.10000001069856808,0.0,0,0,0,0,0
fine_lock,2,"[1, 1]","[1, 1]",balanced,0.10000002965098247,0.0,821036,410518,410518,410518,410518
fine_lock,2,"[2, 0]","[1, 1]",one_enqueuer,0.10000005030015018,0.0,930809,183403,183403,183403,747405
fine_lock,2,"[1, 0]","[0, 1]",half_enqueuer,0.1000011790994904,0.0,993827,326850,326850,326850,666977
fine_lock,2,"[1, 0]","[0, 1]",even_odd,0.10000003335007931,0.0,1004997,318139,318139,318139,686857
fine_lock,2,"[1000, 1000]","[1000, 1000]",balanced,0.10020736084989039,0.0,19600,9800,9800,9800,9800
fine_lock,2,"[2000, 0]","[1000, 1000]",one_enqueuer,0.1000071989998105,0.0,1749000,356200,356200,356200,1392800
fine_lock,2,"[1000, 0]","[0, 1000]",half_enqueuer,0.10000758780079196,0.0,1733800,401300,401329,401300,1332500
fine_lock,2,"[1000, 0]","[0, 1000]",even_odd,0.1000009781011613,0.0,956200,400600,400640,400600,555600
fine_lock,8,"[1, 1, 1, 1, 1, 1, 1, 1]","[1, 1, 1, 1, 1, 1, 1, 1]",balanced,0.10000016347585187,0.0,388549,194274,194274,194274,194274
fine_lock,8,"[8, 0, 0, 0, 0, 0, 0, 0]","[1, 1, 1, 1, 1, 1, 1, 1]",one_enqueuer,0.1000001892374712,0.0,372270,110952,110952,110952,261318
fine_lock,8,"[1, 1, 1, 1, 0, 0, 0, 0]","[0, 0, 0, 0, 1, 1, 1, 1]",half_enqueuer,0.10000008031274774,0.0,456402,243880,212521,243880,212521
fine_lock,8,"[1, 0, 1, 0, 1, 0, 1, 0]","[0, 1, 0, 1, 0, 1, 0, 1]",even_odd,0.10000028503709472,0.0,438742,234204,204537,234204,204537
fine_lock,8,"[1000, 1000, 1000, 1000, 1000, 1000, 1000, 1000]","[1000, 1000, 1000, 1000, 1000, 1000, 1000, 1000]",balanced,0.10178653270013456,0.0,52200,26100,26100,26100,26100
fine_lock,8,"[8000, 0, 0, 0, 0, 0, 0, 0]","[1000, 1000, 1000, 1000, 1000, 1000, 1000, 1000]",one_enqueuer,0.1001646760996664,0.0,483400,141600,141600,141600,341800
fine_lock,8,"[1000, 1000, 1000, 1000, 0, 0, 0, 0]","[0, 0, 0, 0, 1000, 1000, 1000, 1000]",half_enqueuer,0.10009565678738,0.0,426600,220900,205700,220900,205700
fine_lock,8,"[1000, 0, 1000, 0, 1000, 0, 1000, 0]","[0, 1000, 0, 1000, 0, 1000, 0, 1000]",even_odd,0.1000549618005607,0.0,431100,228300,202800,228300,202800
fine_lock,10,"[1, 1, 1, 1, 1, 1, 1, 1, 1, 1]","[1, 1, 1, 1, 1, 1, 1, 1, 1, 1]",balanced,0.1000001968408469,0.0,391854,195927,195927,195927,195927
fine_lock,10,"[10, 0, 0, 0, 0, 0, 0, 0, 0, 0]","[1, 1, 1, 1, 1, 1, 1, 1, 1, 1]",one_enqueuer,0.10000009385024895,0.0,340216,103998,103998,103998,236218
fine_lock,10,"[1, 1, 1, 1, 1, 0, 0, 0, 0, 0]","[0, 0, 0, 0, 0, 1, 1, 1, 1, 1]",half_enqueuer,0.10000019007973607,0.0,385713,210806,174907,210806,174907
fine_lock,10,"[1, 0, 1, 0, 1, 0, 1, 0, 1, 0]","[0, 1, 0, 1, 0, 1, 0, 1, 0, 1]",even_odd,0.10000015524070478,0.0,397082,219020,178061,219020,178061
fine_lock,10,"[1000, 1000, 1000, 1000, 1000, 1000, 1000, 1000, 1000, 1000]","[1000, 1000, 1000, 1000, 1000, 1000, 1000, 1000, 1000, 1000]",balanced,0.10180351110961054,0.0,62200,31100,31100,31100,31100
fine_lock,10,"[10000, 0, 0, 0, 0, 0, 0, 0, 0, 0]","[1000, 1000, 1000, 1000, 1000, 1000, 1000, 1000, 1000, 1000]",one_enqueuer,0.10003297516988822,0.0,433400,119000,119205,119000,314400
fine_lock,10,"[1000, 1000, 1000, 1000, 1000, 0, 0, 0, 0, 0]","[0, 0, 0, 0, 0, 1000, 1000, 1000, 1000, 1000]",half_enqueuer,0.10010671900992747,0.0,387100,207400,179700,207400,179700
fine_lock,10,"[1000, 0, 1000, 0, 1000, 0, 1000, 0, 1000, 0]","[0, 1000, 0, 1000, 0, 1000, 0, 1000, 0, 1000]",even_odd,0.1000489045199356,0.0,382600,206000,176600,206000,176600
